episode,objective_cost_real_power,avg_delay_per_user
1,5.281221050278476,1.4321335928368248
2,5.262533003889,1.5408377422028876
3,4.913598447068637,1.4474844918158511
4,4.553399801847449,1.3715761900567198
5,4.2410472033777555,1.3187150428456091
6,3.9779133928317654,1.2982348958598173
7,3.797617185407554,1.2714277937721894
8,3.6607300588186282,1.2557824918304274
9,3.553432552812422,1.2394823530668773
10,3.461180465476173,1.2213296268300906
