{
  "elapsed_sec": 316.703069,
  "episodes": 100,
  "objective_first5": [
    7.6854879941959275,
    8.487865094582128,
    8.054187875938586,
    8.269487792157316,
    8.789573053277758
  ],
  "objective_last5": [
    5.746844593839792,
    4.717578625255256,
    5.16612299421007,
    5.514923363691066,
    6.158696101347277
  ],
  "cost_first5": [
    0.13559873025046457,
    0.15542276079165032,
    0.15783168364670838,
    0.11568113469326287,
    0.2225197813817457
  ],
  "cost_last5": [
    0.4289535546896414,
    0.7837368134393655,
    0.8677577749984935,
    0.7232975323849398,
    0.3984395823917692
  ],
  "objective_mean": 5.059770944786107,
  "objective_last": 6.158696101347277,
  "objective_min": 2.4348026824824935,
  "objective_max": 8.867764778342066,
  "objective_last10_mean": 5.217863792831265,
  "cost_mean": 0.41836896775776444,
  "cost_last": 0.3984395823917692,
  "cost_min": 0.10605451389640635,
  "cost_max": 0.9710308598183847,
  "cost_last10_mean": 0.6674182983180716,
  "func_value": [
    5.063636844190515,
    -0.8120446346704983,
    -1.0116674968001864,
    -0.9173876154825303,
    -1.0524141116849766,
    1.2208601899373444,
    -0.6712880736282592
  ],
  "output_dir": "MultiCell_MIMO\\outputs\\SLDAC\\db_action_tree100_20260611_233041",
  "config": {
    "seed": 0,
    "critic_backend": "tree",
    "action_interface": "snr_db",
    "episode": 100,
    "update_time_per_episode": 10,
    "t_horizon": 500,
    "grad_batch_size": 500,
    "num_new_data": 100,
    "q_update_time": 1,
    "window": 100,
    "cssca_solver": "lagrangian_dual",
    "log_std_min": -5.0,
    "log_std_max": 2.0,
    "constraint_limit": 1.2
  }
}