{
  "elapsed_sec": 250.632201,
  "episodes": 100,
  "objective_first5": [
    7.773029436825961,
    3.673098714952381,
    11.826565102869075,
    13.789397435646064,
    15.678396766739251
  ],
  "objective_last5": [
    9.736330080584985,
    9.291102657565085,
    9.474529371622037,
    9.302253432670222,
    8.406738109821074
  ],
  "cost_first5": [
    0.14006125056990057,
    0.46568361421843185,
    1.0166758185692975,
    1.099846360766513,
    1.0162392062941228
  ],
  "cost_last5": [
    0.8234846912324482,
    1.0576992329712562,
    0.985243534217564,
    0.8635689068053725,
    0.9205824231026297
  ],
  "objective_mean": 14.673651578082929,
  "objective_last": 8.406738109821074,
  "objective_min": 3.673098714952381,
  "objective_max": 18.642051198063367,
  "cost_mean": 1.0089996475468364,
  "cost_last": 0.9205824231026297,
  "cost_min": 0.14006125056990057,
  "cost_max": 1.275264448520258,
  "func_value": [
    9.41661798682916,
    -0.36344831868691374,
    -0.1088641436328514,
    -0.24343656498227936,
    -0.38845629706413787,
    0.452196879399582,
    -0.670483517813897
  ],
  "output_dir": "D:/Sim_Fused_CPRO/MultiCell_MIMO/outputs/SLDAC\\dual100_q1_window100_20260610_205221",
  "config": {
    "seed": 0,
    "episode": 100,
    "update_time_per_episode": 10,
    "t_horizon": 500,
    "grad_batch_size": 500,
    "num_new_data": 100,
    "q_update_time": 1,
    "window": 100,
    "cssca_solver": "lagrangian_dual",
    "log_std_min": -5.0,
    "log_std_max": 2.0,
    "constraint_limit": 1.2
  }
}