{
  "db_action_dir": "C:\\Users\\Admin\\Desktop\\Sim_Fused_CPRO\\MultiCell_MIMO\\outputs\\SLDAC\\db_action_tree100_20260611_233041",
  "legacy_dir": "C:\\Users\\Admin\\Desktop\\Sim_Fused_CPRO\\MultiCell_MIMO\\outputs\\SLDAC\\legacy_tree100_20260611_234012",
  "db_action": {
    "episodes": 100,
    "objective_last": 6.158696101347277,
    "objective_mean": 5.059770944786107,
    "objective_min": 2.4348026824824935,
    "objective_max": 8.867764778342066,
    "objective_last10_mean": 5.217863792831265,
    "objective_last20_mean": 4.786078203432154,
    "cost_last": 0.3984395823917692,
    "cost_mean": 0.41836896775776444,
    "cost_min": 0.10605451389640635,
    "cost_max": 0.9710308598183847,
    "cost_last10_mean": 0.6674182983180716,
    "cost_last20_mean": 0.6337460603647197
  },
  "legacy_tree": {
    "episodes": 100,
    "objective_last": 4.7478998538711945,
    "objective_mean": 7.198553730067098,
    "objective_min": 4.3816377449334425,
    "objective_max": 9.4945563210781,
    "objective_last10_mean": 5.001322613465716,
    "objective_last20_mean": 5.192360322655753,
    "cost_last": 0.45534167021991556,
    "cost_mean": 0.27145764076361956,
    "cost_min": 0.07875886949885211,
    "cost_max": 0.6058615693256292,
    "cost_last10_mean": 0.5079489618659329,
    "cost_last20_mean": 0.46425879213127963
  },
  "deltas_db_minus_legacy": {
    "objective_last_db_minus_legacy": 1.4107962474760827,
    "objective_mean_db_minus_legacy": -2.1387827852809913,
    "objective_last10_mean_db_minus_legacy": 0.2165411793655494,
    "objective_last20_mean_db_minus_legacy": -0.406282119223599,
    "cost_last_db_minus_legacy": -0.056902087828146375,
    "cost_mean_db_minus_legacy": 0.1469113269941449,
    "cost_last10_mean_db_minus_legacy": 0.1594693364521388,
    "cost_last20_mean_db_minus_legacy": 0.16948726823344007
  }
}