{
  "elapsed_sec": 261.823511,
  "episodes": 100,
  "objective_first5": [
    7.685487683059682,
    8.887681840914725,
    8.898621572843092,
    9.04663555305028,
    9.482785846549511
  ],
  "objective_last5": [
    12.85065669998943,
    11.792690477793567,
    12.068452292529871,
    11.831273462349317,
    13.093302217807215
  ],
  "cost_first5": [
    0.13559873868559522,
    0.19143468591498286,
    0.1498794344811141,
    0.08990832136397778,
    0.23653567902977335
  ],
  "cost_last5": [
    0.1666747256740269,
    0.3790949663387725,
    0.3960514785815984,
    0.2734302983807826,
    0.22024862617312307
  ],
  "objective_mean": 8.925295949620722,
  "objective_last": 13.093302217807215,
  "objective_min": 6.7094795852640505,
  "objective_max": 13.093302217807215,
  "objective_last10_mean": 12.076754172051695,
  "objective_last20_mean": 11.503988074625369,
  "cost_mean": 0.44839748944899205,
  "cost_last": 0.22024862617312307,
  "cost_min": 0.08990832136397778,
  "cost_max": 1.0672722092558196,
  "cost_last10_mean": 0.34876331530265475,
  "cost_last20_mean": 0.3575806880820589,
  "func_value": [
    11.772088992019343,
    -1.026284361750783,
    -1.1867937058358249,
    -1.1127082999276428,
    -1.1506397664407504,
    0.6443054247841052,
    -1.1987642614561937
  ],
  "output_dir": "MultiCell_MIMO\\outputs\\SLDAC\\legacy_tree100_20260612_102741",
  "config": {
    "seed": 0,
    "critic_backend": "tree",
    "action_interface": "legacy_power",
    "episode": 100,
    "update_time_per_episode": 10,
    "t_horizon": 500,
    "grad_batch_size": 500,
    "num_new_data": 100,
    "q_update_time": 1,
    "window": 100,
    "cssca_solver": "lagrangian_dual",
    "log_std_min": -5.0,
    "log_std_max": 2.0,
    "constraint_limit": 1.2
  }
}