episode,objective_cost_real_power,avg_delay_per_user
1,5.347023673484155,1.4308336805237898
2,5.393348562609633,1.5396795110581964
3,5.078985054803948,1.4683038102071393
4,4.541932675873934,1.4026365555803106
5,4.053836416254815,1.361194676635237
6,3.6743536468287994,1.3483722986839761
7,3.3893729796307404,1.3317841322060484
8,3.1785503414449994,1.3194458206359385
9,2.999113944207936,1.309819413166023
10,2.8356514310322187,1.307180060385205
