{
  "elapsed_sec": 305.451204,
  "episodes": 100,
  "objective_first5": [
    7.685487683059682,
    8.822926025365362,
    8.882593102659998,
    8.826379431859236,
    9.022768751056526
  ],
  "objective_last5": [
    3.856624330682247,
    3.3024027150930753,
    3.5569311743672682,
    3.7699548052820706,
    4.230276787160444
  ],
  "cost_first5": [
    0.13559873868559522,
    0.18940233612183885,
    0.16806875336640437,
    0.10815289469102447,
    0.36874471332092135
  ],
  "cost_last5": [
    0.6024357126918427,
    0.7972068382322448,
    0.9475584964069326,
    0.581466573737485,
    0.5053783845707638
  ],
  "objective_mean": 5.47246541827998,
  "objective_last": 4.230276787160444,
  "objective_min": 2.724876013851039,
  "objective_max": 9.10595488359847,
  "objective_last10_mean": 3.549306188416184,
  "objective_last20_mean": 3.3105249390613034,
  "cost_mean": 0.37196399440236516,
  "cost_last": 0.5053783845707638,
  "cost_min": 0.10815289469102447,
  "cost_max": 1.0264037781688309,
  "cost_last10_mean": 0.7462310414077817,
  "cost_last20_mean": 0.7070046854099468,
  "func_value": [
    3.473498732593347,
    -0.7526311250386191,
    -0.7709906785141306,
    -0.9484707181494852,
    -0.9100871224488503,
    1.2231036573938487,
    -0.6075454430688091
  ],
  "output_dir": "MultiCell_MIMO\\outputs\\SLDAC\\db_action_tree100_20260612_102741",
  "config": {
    "seed": 0,
    "critic_backend": "tree",
    "action_interface": "snr_db",
    "episode": 100,
    "update_time_per_episode": 10,
    "t_horizon": 500,
    "grad_batch_size": 500,
    "num_new_data": 100,
    "q_update_time": 1,
    "window": 100,
    "cssca_solver": "lagrangian_dual",
    "log_std_min": -5.0,
    "log_std_max": 2.0,
    "constraint_limit": 1.2
  }
}