{
  "elapsed_sec": 160.83806,
  "episodes": 100,
  "objective_first5": [
    7.6854879941959275,
    9.228236044257136,
    8.837717874125799,
    9.045196432527122,
    9.475390184661645
  ],
  "objective_last5": [
    5.2170280075943,
    5.089528740745249,
    5.275207648944693,
    4.546594461365289,
    4.7478998538711945
  ],
  "cost_first5": [
    0.13559873025046462,
    0.1323759665112418,
    0.1525988844884194,
    0.091627489350503,
    0.15883162869986
  ],
  "cost_last5": [
    0.4452693579124514,
    0.529757476759619,
    0.4640153210675201,
    0.5403461419784678,
    0.45534167021991556
  ],
  "objective_mean": 7.198553730067098,
  "objective_last": 4.7478998538711945,
  "objective_min": 4.3816377449334425,
  "objective_max": 9.4945563210781,
  "objective_last10_mean": 5.001322613465716,
  "objective_last20_mean": 5.192360322655753,
  "cost_mean": 0.27145764076361956,
  "cost_last": 0.45534167021991556,
  "cost_min": 0.07875886949885211,
  "cost_max": 0.6058615693256292,
  "cost_last10_mean": 0.5079489618659329,
  "cost_last20_mean": 0.46425879213127963,
  "func_value": [
    4.9242728183657825,
    -0.8737677384885754,
    -0.5836194637077089,
    -0.9202627688134076,
    -0.7915941984285103,
    -0.2617220444905714,
    -0.7298151908388946
  ],
  "output_dir": "MultiCell_MIMO\\outputs\\SLDAC\\legacy_tree100_20260611_234012",
  "config": {
    "seed": 0,
    "critic_backend": "tree",
    "action_interface": "legacy_power",
    "episode": 100,
    "update_time_per_episode": 10,
    "t_horizon": 500,
    "grad_batch_size": 500,
    "num_new_data": 100,
    "q_update_time": 1,
    "window": 100,
    "cssca_solver": "lagrangian_dual",
    "log_std_min": -5.0,
    "log_std_max": 2.0,
    "constraint_limit": 1.2
  }
}