{
  "elapsed_sec": 250.4983962999977,
  "episodes": 100,
  "objective_first5": [
    7.609427901757512,
    6.3919729398508975,
    5.757016380289224,
    8.29916953913655,
    9.872696681101727
  ],
  "objective_last5": [
    8.793870717023582,
    8.790266196522488,
    8.760532243557012,
    8.771476470797094,
    8.756594272136958
  ],
  "cost_first5": [
    0.12331398924718859,
    0.20392729595029938,
    0.3211690563250933,
    0.48050251952893913,
    0.5759256247996709
  ],
  "cost_last5": [
    0.9615543880621371,
    0.9583966672387296,
    0.9656460238012995,
    0.9673308532757404,
    0.9676873641048321
  ],
  "objective_mean": 14.644641267162788,
  "objective_last": 8.756594272136958,
  "cost_mean": 0.9834775252483162,
  "cost_last": 0.9676873641048321,
  "objective_min": 5.757016380289224,
  "objective_max": 16.472736458684516,
  "cost_min": 0.12331398924718859,
  "cost_max": 1.091636108646446,
  "func_value": [
    9.41661798682916,
    -0.36344831868691374,
    -0.1088641436328514,
    -0.24343656498227936,
    -0.38845629706413787,
    0.452196879399582,
    -0.670483517813897
  ],
  "config": {
    "seed": 0,
    "episode": 100,
    "update_time_per_episode": 10,
    "t_horizon": 500,
    "grad_batch_size": 500,
    "num_new_data": 100,
    "q_update_time": 1,
    "window": 10000,
    "cssca_solver": "lagrangian_dual",
    "log_std_min": -5.0,
    "log_std_max": 2.0,
    "constraint_limit": 1.2
  }
}